Date,Open,High,Low,Close,Adj Close,Volume
2021-07-01,121.7249984741211,122.58699798583984,121.53150177001953,122.44450378417969,122.44450378417969,18110000
2021-07-02,123.1500015258789,125.40399932861328,123.05950164794922,125.25749969482422,125.25749969482422,25982000
2021-07-06,125.64849853515625,126.4280014038086,124.5824966430664,126.19000244140625,126.19000244140625,26404000
2021-07-07,127.16200256347656,127.28399658203125,126.15299987792969,126.4739990234375,126.4739990234375,24060000
2021-07-08,124.0260009765625,125.59549713134766,124.02200317382812,125.04399871826172,125.04399871826172,23790000
2021-07-09,125.0250015258789,125.7344970703125,124.55149841308594,125.51850128173828,125.51850128173828,18632000
2021-07-12,126.1780014038086,127.06950378417969,125.61100006103516,126.97550201416016,126.97550201416016,17668000
2021-07-13,127.03849792480469,128.0574951171875,126.67449951171875,127.34149932861328,127.34149932861328,19240000
2021-07-14,127.95800018310547,129.32650756835938,127.91449737548828,128.23699951171875,128.23699951171875,23742000
2021-07-15,128.6490020751953,128.6999969482422,126.52999877929688,127.00499725341797,127.00499725341797,24218000
2021-07-16,127.66300201416016,127.8115005493164,126.15350341796875,126.97000122070312,126.97000122070312,20424000
2021-07-19,126.0895004272461,126.20500183105469,123.50499725341797,124.5780029296875,124.5780029296875,27968000
2021-07-20,125.52749633789062,127.04299926757812,124.35050201416016,126.20950317382812,126.20950317382812,26312000
2021-07-21,126.13349914550781,127.59600067138672,126.02349853515625,127.54900360107422,127.54900360107422,20746000
2021-07-22,127.84400177001953,128.48300170898438,127.4990005493164,128.42149353027344,128.42149353027344,14302000
2021-07-23,130.4304962158203,133.3990020751953,129.80050659179688,133.01499938964844,133.01499938964844,41506000
2021-07-26,133.32850646972656,134.23699951171875,132.30149841308594,134.03500366210938,134.03500366210938,30572000
2021-07-27,134.25050354003906,134.3990020751953,130.10400390625,131.89999389648438,131.89999389648438,54710000
2021-07-28,136.31199645996094,138.2969970703125,135.27749633789062,136.093994140625,136.093994140625,95130000
2021-07-29,136.14999389648438,136.66099548339844,135.54299926757812,135.77749633789062,135.77749633789062,31716000
2021-07-30,135.03500366210938,135.30450439453125,134.2550048828125,134.72650146484375,134.72650146484375,25576000
2021-08-02,135.11700439453125,135.3365020751953,133.79400634765625,134.85450744628906,134.85450744628906,21634000
2021-08-03,135.13499450683594,135.73199462890625,133.3195037841797,135.6300048828125,135.6300048828125,20762000
2021-08-04,135.34950256347656,135.64950561523438,134.48699951171875,135.12550354003906,135.12550354003906,19676000
2021-08-05,135.6804962158203,136.35000610351562,134.8459930419922,136.25149536132812,136.25149536132812,17870000
2021-08-06,136.04200744628906,136.47250366210938,135.2100067138672,135.73849487304688,135.73849487304688,20488000
2021-08-09,135.9425048828125,137.1840057373047,135.33949279785156,136.91299438476562,136.91299438476562,17760000
2021-08-10,137.3419952392578,137.7725067138672,136.364501953125,136.8070068359375,136.8070068359375,19414000
2021-08-11,137.18150329589844,137.6824951171875,136.27149963378906,136.2790069580078,136.2790069580078,15352000
2021-08-12,135.97549438476562,137.3000030517578,135.42550659179688,137.19400024414062,137.19400024414062,16506000
2021-08-13,137.25,137.85650634765625,137.0330047607422,137.7274932861328,137.7274932861328,15948000
2021-08-16,137.52499389648438,138.3625030517578,135.2989959716797,138.3094940185547,138.3094940185547,22384000
2021-08-17,137.75,138.2655029296875,136.08200073242188,136.6614990234375,136.6614990234375,21716000
2021-08-18,136.5,137.10450744628906,135.32150268554688,135.44900512695312,135.44900512695312,19258000
2021-08-19,134.4355010986328,136.3524932861328,134.25,135.67999267578125,135.67999267578125,21782000
2021-08-20,136.0,137.5540008544922,135.25,137.42950439453125,137.42950439453125,31194000
2021-08-23,137.96949768066406,140.87449645996094,137.6074981689453,140.04150390625,140.04150390625,28454000
2021-08-24,140.6114959716797,142.0800018310547,140.3385009765625,141.26150512695312,141.26150512695312,19268000
2021-08-25,141.625,142.1894989013672,141.37600708007812,142.07899475097656,142.07899475097656,15848000
2021-08-26,141.75,142.41749572753906,141.35699462890625,141.4405059814453,141.4405059814453,20610000
2021-08-27,141.65249633789062,144.5124969482422,141.4969940185547,144.00399780273438,144.00399780273438,28780000
2021-08-30,144.39999389648438,145.9705047607422,144.16299438476562,144.5904998779297,144.5904998779297,24434000
2021-08-31,145.14700317382812,145.17149353027344,144.281005859375,144.69749450683594,144.69749450683594,22448000
2021-09-01,145.0,146.25399780273438,144.8834991455078,145.2154998779297,145.2154998779297,21936000
2021-09-02,145.21600341796875,145.51950073242188,143.18499755859375,143.28700256347656,143.28700256347656,32342000
2021-09-03,143.08050537109375,144.15499877929688,142.40049743652344,143.739501953125,143.739501953125,19850000
2021-09-07,143.83450317382812,144.56500244140625,143.61900329589844,144.28050231933594,144.28050231933594,20124000
2021-09-08,144.10000610351562,144.39999389648438,143.0,143.6909942626953,143.6909942626953,18344000
2021-09-09,143.8404998779297,144.3105010986328,143.17750549316406,143.54100036621094,143.54100036621094,15314000
2021-09-10,144.21249389648438,144.718505859375,140.73800659179688,140.87600708007812,140.87600708007812,36840000
2021-09-13,141.94949340820312,142.9499969482422,141.25,142.33250427246094,142.33250427246094,22094000
2021-09-14,142.99549865722656,143.36300659179688,141.75,142.54449462890625,142.54449462890625,19674000
2021-09-15,142.77149963378906,144.45050048828125,141.34750366210938,144.42950439453125,144.42950439453125,27408000
2021-09-16,143.95050048828125,144.3000030517578,142.40150451660156,143.61000061035156,143.61000061035156,26190000
2021-09-17,143.03050231933594,143.4499969482422,140.47000122070312,140.8000030517578,140.8000030517578,53384000
2021-09-20,138.1614990234375,139.0,136.32200622558594,138.71949768066406,138.71949768066406,46518000
2021-09-21,139.74949645996094,140.01150512695312,138.2779998779297,139.0330047607422,139.0330047607422,25332000
2021-09-22,139.3040008544922,140.88699340820312,138.55149841308594,140.2834930419922,140.2834930419922,25056000
2021-09-23,140.9875030517578,141.69650268554688,140.40150451660156,141.21600341796875,141.21600341796875,20952000
2021-09-24,140.5384979248047,142.33050537109375,140.24099731445312,142.21499633789062,142.21499633789062,22984000
2021-09-27,140.80450439453125,141.93850708007812,140.0675048828125,141.07200622558594,141.07200622558594,21882000
2021-09-28,138.65499877929688,139.09649658203125,135.36000061035156,135.8300018310547,135.8300018310547,45772000
2021-09-29,136.97999572753906,137.1510009765625,133.86500549316406,134.35350036621094,134.35350036621094,30848000
2021-09-30,134.26150512695312,135.54249572753906,133.55599975585938,133.67599487304688,133.67599487304688,37996000
2021-10-01,134.44749450683594,136.91050720214844,134.072998046875,136.54299926757812,136.54299926757812,35360000
2021-10-04,135.9604949951172,135.9604949951172,131.0500030517578,133.6595001220703,133.6595001220703,51202000
2021-10-05,134.04100036621094,137.22450256347656,134.04100036621094,136.0229949951172,136.0229949951172,32404000
2021-10-06,134.75,137.75,134.5500030517578,137.56500244140625,137.56500244140625,24364000
2021-10-07,138.89199829101562,140.04200744628906,138.6510009765625,139.22500610351562,139.22500610351562,25110000
2021-10-08,139.57699584960938,140.33099365234375,139.21749877929688,139.78550720214844,139.78550720214844,26526000
2021-10-11,139.29200744628906,140.71200561523438,138.85899353027344,138.91400146484375,138.91400146484375,17954000
2021-10-12,139.47999572753906,139.5070037841797,135.75999450683594,136.44900512695312,136.44900512695312,36332000
2021-10-13,137.40249633789062,138.0,136.5189971923828,137.58200073242188,137.58200073242188,19654000
2021-10-14,139.4739990234375,141.33749389648438,138.8249969482422,141.1510009765625,141.1510009765625,31894000
2021-10-15,141.614501953125,141.71800231933594,140.7550048828125,141.3679962158203,141.3679962158203,30274000
2021-10-18,141.07650756835938,142.79600524902344,141.0695037841797,142.7779998779297,142.7779998779297,20396000
2021-10-19,143.3874969482422,143.66250610351562,142.60000610351562,143.23699951171875,143.23699951171875,20164000
2021-10-20,143.33799743652344,143.54600524902344,141.37649536132812,141.7689971923828,141.7689971923828,23288000
2021-10-21,141.7689971923828,142.156005859375,140.5,141.88600158691406,141.88600158691406,26292000
2021-10-22,139.14999389648438,140.58299255371094,136.05599975585938,137.56649780273438,137.56649780273438,50588000
2021-10-25,137.5500030517578,138.0,135.4239959716797,137.44700622558594,137.44700622558594,34412000
2021-10-26,139.2635040283203,140.08299255371094,138.30450439453125,139.30850219726562,139.30850219726562,49236000
2021-10-27,139.40499877929688,148.64999389648438,139.40499877929688,146.21749877929688,146.21749877929688,85782000
2021-10-28,147.13450622558594,147.1580047607422,144.6269989013672,145.8489990234375,145.8489990234375,36206000
2021-10-29,145.0780029296875,148.24200439453125,144.64950561523438,148.04600524902344,148.04600524902344,43320000
2021-11-01,148.04600524902344,148.04600524902344,143.22549438476562,143.4969940185547,143.4969940185547,46924000
2021-11-02,144.57949829101562,146.60899353027344,144.3354949951172,145.4324951171875,145.4324951171875,33482000
2021-11-03,145.90049743652344,146.66900634765625,144.59100341796875,146.59800720214844,146.59800720214844,27494000
2021-11-04,147.12449645996094,149.73350524902344,146.30799865722656,148.2675018310547,148.2675018310547,38412000
2021-11-05,149.16949462890625,150.32749938964844,148.19700622558594,148.8520050048828,148.8520050048828,38354000
2021-11-08,149.8249969482422,150.61500549316406,148.4304962158203,149.031005859375,149.031005859375,23052000
2021-11-09,149.23300170898438,149.83450317382812,147.2449951171875,148.9185028076172,148.9185028076172,19530000
2021-11-10,147.5,148.07000732421875,144.53750610351562,145.89349365234375,145.89349365234375,29970000
2021-11-11,146.489501953125,147.53550720214844,145.60049438476562,145.76649475097656,145.76649475097656,16518000
2021-11-12,146.61549377441406,148.85000610351562,145.41099548339844,148.67799377441406,148.67799377441406,22360000
2021-11-15,148.90049743652344,149.54949951171875,147.5749969482422,148.45199584960938,148.45199584960938,23508000
2021-11-16,148.14950561523438,148.7624969482422,147.3125,147.87600708007812,147.87600708007812,18904000
2021-11-17,148.02749633789062,148.5594940185547,147.24000549316406,148.0469970703125,148.0469970703125,19594000
2021-11-18,148.2415008544922,150.58050537109375,147.88450622558594,149.8385009765625,149.8385009765625,35608000
2021-11-19,149.97549438476562,150.9665069580078,148.8990020751953,148.92649841308594,148.92649841308594,33682000
2021-11-22,149.33250427246094,149.82949829101562,146.1475067138672,146.302001953125,146.302001953125,30594000
2021-11-23,146.1529998779297,146.66000366210938,144.11500549316406,145.78199768066406,145.78199768066406,27218000
2021-11-24,145.47349548339844,146.24949645996094,144.3730010986328,146.1199951171875,146.1199951171875,18040000
2021-11-26,144.34849548339844,144.5574951171875,141.84249877929688,142.18299865722656,142.18299865722656,30470000
2021-11-29,144.0,146.29750061035156,143.89349365234375,145.53050231933594,145.53050231933594,32596000
2021-11-30,145.0084991455078,146.0,141.60150146484375,141.8975067138672,141.8975067138672,42068000
2021-12-01,144.0,145.95050048828125,140.91200256347656,141.05149841308594,141.05149841308594,34020000
2021-12-02,141.25,143.864501953125,140.21449279785156,142.96600341796875,142.96600341796875,29194000
2021-12-03,143.68099975585938,144.39999389648438,140.30099487304688,142.00149536132812,142.00149536132812,41230000
2021-12-06,143.04049682617188,143.8524932861328,140.14999389648438,143.15499877929688,143.15499877929688,30618000
2021-12-07,145.59649658203125,147.531005859375,145.2274932861328,147.26950073242188,147.26950073242188,32240000
2021-12-08,147.59649658203125,148.39300537109375,146.406005859375,148.18649291992188,148.18649291992188,24270000
2021-12-09,147.59100341796875,149.10000610351562,147.11500549316406,147.6385040283203,147.6385040283203,23270000
2021-12-10,148.6999969482422,148.9774932861328,146.70399475097656,148.00149536132812,148.00149536132812,24458000
2021-12-13,147.781494140625,147.97000122070312,145.5175018310547,145.82650756835938,145.82650756835938,27070000
2021-12-14,143.96800231933594,144.47999572753906,141.21499633789062,143.90699768066406,143.90699768066406,38446000
2021-12-15,143.40899658203125,146.7209930419922,141.67799377441406,146.4409942626953,146.4409942626953,36370000
2021-12-16,147.17050170898438,147.677001953125,143.60699462890625,144.44500732421875,144.44500732421875,33650000
2021-12-17,142.5,143.83450317382812,141.3000030517578,141.72500610351562,141.72500610351562,50416000
2021-12-20,140.0,141.77450561523438,139.3209991455078,141.60699462890625,141.60699462890625,27192000
2021-12-21,142.05349731445312,143.86900329589844,140.50250244140625,143.47250366210938,143.47250366210938,28756000
2021-12-22,143.0675048828125,146.5,143.0675048828125,146.4149932861328,146.4149932861328,26322000
2021-12-23,146.5,148.24349975585938,146.45199584960938,146.91650390625,146.91650390625,26384000
2021-12-27,147.25599670410156,148.343994140625,147.16949462890625,147.906494140625,147.906494140625,15976000
2021-12-28,148.23599243164062,148.2989959716797,146.05450439453125,146.68699645996094,146.68699645996094,18200000
2021-12-29,146.64450073242188,147.41700744628906,145.6475067138672,146.65499877929688,146.65499877929688,17788000
2021-12-30,146.69400024414062,147.3000030517578,145.9945068359375,146.20050048828125,146.20050048828125,15688000
2021-12-31,146.0500030517578,146.69850158691406,144.8520050048828,144.8520050048828,144.8520050048828,18136000
2022-01-03,145.05499267578125,145.8509979248047,143.71299743652344,144.9915008544922,144.9915008544922,28646000
2022-01-04,145.39599609375,146.48500061035156,143.7165069580078,144.39950561523438,144.39950561523438,28400000
2022-01-05,144.4199981689453,144.49949645996094,137.68800354003906,137.77499389648438,137.77499389648438,54618000
2022-01-06,136.99850463867188,139.94000244140625,136.55850219726562,137.74749755859375,137.74749755859375,37348000
2022-01-07,138.14549255371094,138.44850158691406,135.76649475097656,137.01699829101562,137.01699829101562,29760000
2022-01-10,135.0780029296875,138.8195037841797,133.1645050048828,138.66949462890625,138.66949462890625,44408000
2022-01-11,138.0070037841797,140.21600341796875,136.6925048828125,139.73599243164062,139.73599243164062,28730000
2022-01-12,141.14999389648438,142.60800170898438,140.6945037841797,141.4304962158203,141.4304962158203,26108000
2022-01-13,141.5399932861328,142.85000610351562,138.40899658203125,138.58700561523438,138.58700561523438,31436000
2022-01-14,137.07899475097656,140.74200439453125,136.99850463867188,139.48049926757812,139.48049926757812,29662000
2022-01-18,136.1750030517578,137.13150024414062,135.43850708007812,135.9980010986328,135.9980010986328,34872000
2022-01-19,136.52349853515625,137.95950317382812,135.0155029296875,135.1165008544922,135.1165008544922,28648000
2022-01-20,136.25,137.62600708007812,132.96449279785156,133.3074951171875,133.3074951171875,29908000
2022-01-21,132.593505859375,134.86549377441406,130.0865020751953,130.35150146484375,130.35150146484375,55652000
2022-01-24,125.97799682617188,131.2030029296875,124.5,130.8040008544922,130.8040008544922,76622000
2022-01-25,128.74000549316406,129.3990020751953,126.50050354003906,126.93499755859375,126.93499755859375,46960000
2022-01-26,131.11900329589844,133.0,127.14199829101562,129.23300170898438,129.23300170898438,49130000
2022-01-27,131.3040008544922,132.65249633789062,128.9324951171875,129.0050048828125,129.0050048828125,31950000
2022-01-28,129.65899658203125,133.35650634765625,128.48500061035156,133.3509979248047,133.3509979248047,34362000
2022-01-31,134.16200256347656,135.47300720214844,132.20950317382812,135.30349731445312,135.30349731445312,39986000
2022-02-01,137.59449768066406,137.79299926757812,134.36849975585938,137.6439971923828,137.6439971923828,68644000
2022-02-02,151.25,151.54649353027344,145.5225067138672,148.0,148.0,123200000
2022-02-03,145.70550537109375,149.6750030517578,142.66549682617188,143.08999633789062,143.08999633789062,71518000
2022-02-04,143.4445037841797,144.875,140.51499938964844,143.29299926757812,143.29299926757812,57998000
2022-02-07,144.25,144.25,138.89999389648438,139.2010040283203,139.2010040283203,54974000
2022-02-08,139.02650451660156,140.0,137.01400756835938,139.3990020751953,139.3990020751953,54284000
2022-02-09,140.9635009765625,142.52450561523438,140.18699645996094,141.5919952392578,141.5919952392578,40144000
2022-02-10,139.70350646972656,141.4844970703125,137.95700073242188,138.6199951171875,138.6199951171875,39330000
2022-02-11,138.60000610351562,139.156494140625,133.39999389648438,134.28250122070312,134.28250122070312,39958000
2022-02-14,133.25650024414062,136.3000030517578,133.25650024414062,135.5260009765625,135.5260009765625,34302000
2022-02-15,137.57049560546875,138.10850524902344,135.82150268554688,136.60850524902344,136.60850524902344,26680000
2022-02-16,136.64649963378906,138.08599853515625,134.9239959716797,137.73800659179688,137.73800659179688,25022000
2022-02-17,136.2429962158203,137.11349487304688,132.47850036621094,132.53900146484375,132.53900146484375,38950000
2022-02-18,133.4669952392578,134.07000732421875,130.19650268554688,130.4029998779297,130.4029998779297,45620000
2022-02-22,129.83799743652344,132.1804962158203,128.22349548339844,129.81350708007812,129.81350708007812,44990000
2022-02-23,131.64849853515625,132.05099487304688,127.52749633789062,127.58799743652344,127.58799743652344,32786000
2022-02-24,124.95349884033203,133.0,124.95349884033203,132.6909942626953,132.6909942626953,54456000
2022-02-25,133.552001953125,135.27149963378906,131.75149536132812,134.45950317382812,134.45950317382812,36406000
2022-02-28,133.0500030517578,135.75149536132812,132.59249877929688,135.0570068359375,135.0570068359375,38864000
2022-03-01,134.8784942626953,136.2554931640625,133.218505859375,134.06149291992188,134.06149291992188,26496000
2022-03-02,134.6280059814453,135.2624969482422,133.07150268554688,134.57150268554688,134.57150268554688,23520000
2022-03-03,136.00999450683594,136.4394989013672,133.02549743652344,133.89950561523438,133.89950561523438,24604000
2022-03-04,132.92750549316406,133.85150146484375,130.33749389648438,131.906494140625,131.906494140625,30430000
2022-03-07,131.48800659179688,131.73500061035156,126.29499816894531,126.37850189208984,126.37850189208984,45112000
2022-03-08,126.25,131.25,125.67449951171875,127.10449981689453,127.10449981689453,40428000
2022-03-09,131.25,133.73550415039062,129.90049743652344,133.4199981689453,133.4199981689453,37026000
2022-03-10,131.26600646972656,133.27200317382812,130.91250610351562,132.42950439453125,132.42950439453125,27102000
2022-03-11,133.48849487304688,133.79550170898438,129.63150024414062,129.87049865722656,129.87049865722656,31526000
2022-03-14,130.25,130.40899658203125,125.2750015258789,125.95099639892578,125.95099639892578,38812000
2022-03-15,126.97599792480469,129.85450744628906,125.72049713134766,129.197998046875,129.197998046875,30920000
2022-03-16,130.73300170898438,133.33299255371094,128.7344970703125,133.28050231933594,133.28050231933594,35576000
2022-03-17,133.1490020751953,134.08050537109375,132.18499755859375,133.83900451660156,133.83900451660156,28264000
2022-03-18,133.42449951171875,136.24400329589844,132.2584991455078,136.12550354003906,136.12550354003906,44566000
2022-03-21,136.1634979248047,137.0500030517578,134.09249877929688,136.10150146484375,136.10150146484375,26832000
2022-03-22,136.10150146484375,141.0500030517578,136.10150146484375,139.8679962158203,139.8679962158203,35496000
2022-03-23,138.70249938964844,139.5885009765625,137.8350067138672,138.27549743652344,138.27549743652344,25154000
2022-03-24,139.1999969482422,141.61900329589844,137.75050354003906,141.57200622558594,141.57200622558594,26396000
2022-03-25,141.91600036621094,142.03500366210938,139.7375030517578,141.67300415039062,141.67300415039062,24126000
2022-03-28,140.90049743652344,142.00250244140625,139.81149291992188,141.45550537109375,141.45550537109375,35050000
2022-03-29,142.6475067138672,143.7935028076172,142.0384979248047,142.5054931640625,142.5054931640625,34318000
2022-03-30,142.4600067138672,142.7205047607422,141.60000610351562,141.93850708007812,141.93850708007812,19884000
2022-03-31,142.05299377441406,142.10800170898438,139.02450561523438,139.0675048828125,139.0675048828125,37524000
2022-04-01,139.5,140.4709930419922,138.3074951171875,140.15049743652344,140.15049743652344,25942000
2022-04-04,140.35850524902344,143.71200561523438,140.3105010986328,142.97149658203125,142.97149658203125,25942000
2022-04-05,142.86900329589844,142.99049377441406,140.38250732421875,140.59100341796875,140.59100341796875,21418000
2022-04-06,138.75,139.36050415039062,135.51699829101562,136.54800415039062,136.54800415039062,32468000
2022-04-07,136.00999450683594,137.1645050048828,134.2274932861328,135.8885040283203,135.8885040283203,26234000
2022-04-08,135.58349609375,135.6699981689453,132.9654998779297,133.28750610351562,133.28750610351562,25142000
2022-04-11,131.82350158691406,132.09249877929688,128.6685028076172,128.82350158691406,128.82350158691406,36884000
2022-04-12,131.60000610351562,131.60000610351562,126.78900146484375,127.7145004272461,127.7145004272461,32710000
2022-04-13,128.0,130.33399963378906,127.74099731445312,129.8939971923828,129.8939971923828,27928000
2022-04-14,130.47950744628906,130.47950744628906,126.60099792480469,126.7300033569336,126.7300033569336,31598000
2022-04-18,127.0,128.21249389648438,126.18199920654297,127.67649841308594,127.67649841308594,20808000
2022-04-19,127.69149780273438,130.33299255371094,126.99949645996094,130.00900268554688,130.00900268554688,26490000
2022-04-20,130.89199829101562,131.3990020751953,127.5,128.0399932861328,128.0399932861328,31696000
2022-04-21,129.25,130.09849548339844,124.52649688720703,124.81449890136719,124.81449890136719,36446000
2022-04-22,125.0,125.4020004272461,118.92500305175781,119.635498046875,119.635498046875,56884000
2022-04-25,119.10099792480469,123.27749633789062,118.51100158691406,123.0739974975586,123.0739974975586,46128000
2022-04-26,122.29450225830078,122.51000213623047,118.51100158691406,118.6500015258789,118.6500015258789,73054000
2022-04-27,114.46949768066406,117.24199676513672,112.73650360107422,114.29450225830078,114.29450225830078,91820000
2022-04-28,116.41500091552734,119.64949798583984,114.11499786376953,118.52249908447266,118.52249908447266,48884000
2022-04-29,116.7344970703125,117.91999816894531,113.81449890136719,114.1094970703125,114.1094970703125,42676000
2022-05-02,113.40499877929688,116.74549865722656,112.5999984741211,116.58300018310547,116.58300018310547,35534000
2022-05-03,116.43049621582031,118.44200134277344,116.03450012207031,117.33399963378906,117.33399963378906,24968000
2022-05-04,117.03150177001953,122.85449981689453,115.11599731445312,122.26100158691406,122.26100158691406,49916000
2022-05-05,120.2040023803711,121.03900146484375,115.00550079345703,116.50550079345703,116.50550079345703,45840000
2022-05-06,115.18450164794922,117.57150268554688,114.0155029296875,115.74649810791016,115.74649810791016,39710000
2022-05-09,113.25,115.0770034790039,112.00050354003906,112.51100158691406,112.51100158691406,40802000
2022-05-10,115.50749969482422,116.25,112.90049743652344,114.3949966430664,114.3949966430664,39900000
2022-05-11,113.23650360107422,116.364501953125,113.23650360107422,113.60250091552734,113.60250091552734,37534000
2022-05-12,111.37750244140625,114.29499816894531,109.82450103759766,112.84400177001953,112.84400177001953,53836000
2022-05-13,114.53299713134766,117.875,113.6050033569336,116.05049896240234,116.05049896240234,35038000
2022-05-16,114.95549774169922,116.16999816894531,113.8895034790039,114.44499969482422,114.44499969482422,25990000
2022-05-17,116.84049987792969,116.9000015258789,114.87000274658203,116.4729995727539,116.4729995727539,23054000
2022-05-18,115.0,115.4000015258789,111.55549621582031,111.89949798583984,111.89949798583984,35126000
2022-05-19,111.43150329589844,113.01000213623047,110.0,110.38400268554688,110.38400268554688,34144000
2022-05-20,111.95099639892578,112.18350219726562,105.79650115966797,108.90799713134766,108.90799713134766,48962000
2022-05-23,109.5875015258789,112.14749908447266,108.74099731445312,111.48799896240234,111.48799896240234,37184000
2022-05-24,105.77200317382812,106.45850372314453,101.8844985961914,105.97000122070312,105.97000122070312,76780000
2022-05-25,104.9854965209961,106.5,103.85649871826172,105.80500030517578,105.80500030517578,40258000
2022-05-26,105.677001953125,108.64949798583984,105.2249984741211,107.7925033569336,107.7925033569336,37948000
2022-05-27,109.48300170898438,112.31800079345703,109.13849639892578,112.31649780273438,112.31649780273438,37914000
2022-05-31,112.74649810791016,115.73500061035156,112.07849884033203,113.76200103759766,113.76200103759766,50012000
2022-06-01,114.8550033569336,117.10150146484375,113.25,113.89199829101562,113.89199829101562,36606000
2022-06-02,114.0,117.89949798583984,112.94650268554688,117.62249755859375,117.62249755859375,37992000
2022-06-03,116.0625,116.32150268554688,113.51850128173828,114.54100036621094,114.54100036621094,26136000
2022-06-06,116.70449829101562,119.34700012207031,116.16400146484375,116.82050323486328,116.82050323486328,33542000
2022-06-07,115.48049926757812,117.69100189208984,115.052001953125,117.14949798583984,117.14949798583984,31590000
2022-06-08,116.7614974975586,118.57050323486328,116.5999984741211,117.19400024414062,117.19400024414062,26108000
2022-06-09,116.32749938964844,118.29900360107422,114.7760009765625,114.83550262451172,114.83550262451172,25798000
2022-06-10,112.44499969482422,113.27899932861328,110.36599731445312,111.1614990234375,111.1614990234375,41452000
2022-06-13,106.7864990234375,108.79149627685547,106.11900329589844,106.39250183105469,106.39250183105469,47252000
2022-06-14,106.53500366210938,107.92449951171875,105.80000305175781,106.71549987792969,106.71549987792969,33706000
2022-06-15,108.54499816894531,111.42350006103516,107.66950225830078,109.7645034790039,109.7645034790039,39698000
2022-06-16,107.22100067138672,108.64849853515625,105.13800048828125,106.03350067138672,106.03350067138672,51684000
2022-06-17,106.03350067138672,108.69950103759766,105.0459976196289,107.14350128173828,107.14350128173828,51376000
2022-06-21,108.92949676513672,112.489501953125,108.5999984741211,111.54399871826172,111.54399871826172,47416000
2022-06-22,110.55650329589844,113.34649658203125,110.38249969482422,111.48750305175781,111.48750305175781,30774000
2022-06-23,112.23149871826172,112.74250030517578,110.50050354003906,112.24199676513672,112.24199676513672,28362000
2022-06-24,112.99500274658203,118.0790023803711,112.95249938964844,117.9749984741211,117.9749984741211,41164000
2022-06-27,118.27300262451172,118.57949829101562,115.17949676513672,115.83350372314453,115.83350372314453,36420000
2022-06-28,115.80249786376953,117.30950164794922,111.8479995727539,112.00749969482422,112.00749969482422,35792000
2022-06-29,111.552001953125,113.1604995727539,110.87249755859375,111.70149993896484,111.70149993896484,24716000
2022-06-30,110.0,110.88800048828125,106.75,108.96299743652344,108.96299743652344,43170000
2022-07-01,107.93299865722656,109.25,106.73049926757812,108.73750305175781,108.73750305175781,35476000
2022-07-05,107.10050201416016,113.37699890136719,105.73149871826172,113.26300048828125,113.26300048828125,39342000
2022-07-06,113.302001953125,115.5895004272461,111.47599792480469,114.5719985961914,114.5719985961914,37432000
2022-07-07,115.08000183105469,119.18949890136719,114.83350372314453,118.78299713134766,118.78299713134766,40936000
2022-07-08,117.25,119.68499755859375,116.90149688720703,119.35350036621094,119.35350036621094,38238000
2022-07-11,117.99800109863281,117.99800109863281,115.33049774169922,115.67649841308594,115.67649841308594,31196000
2022-07-12,116.21499633789062,116.9739990234375,113.69000244140625,114.02050018310547,114.02050018310547,29960000
2022-07-13,111.70099639892578,114.19599914550781,111.20149993896484,111.35350036621094,111.35350036621094,43722000
2022-07-14,110.21050262451172,111.09300231933594,108.37300109863281,110.36750030517578,110.36750030517578,37004000
2022-07-15,112.00050354003906,113.1405029296875,110.9000015258789,111.77749633789062,111.77749633789062,46770000
2022-07-18,112.63999938964844,113.68000030517578,108.37000274658203,109.02999877929688,109.02999877929688,43164600
2022-07-19,110.8499984741211,114.0199966430664,109.55999755859375,113.80999755859375,113.80999755859375,36530900
2022-07-20,113.16999816894531,115.4000015258789,112.4800033569336,113.9000015258789,113.9000015258789,35600400
2022-07-21,114.27999877929688,114.55000305175781,111.11000061035156,114.33999633789062,114.33999633789062,32676200
2022-07-22,111.0,112.33999633789062,106.5,107.9000015258789,107.9000015258789,48901200
2022-07-25,108.41000366210938,109.87000274658203,106.30000305175781,107.51000213623047,107.51000213623047,34690900
2022-07-26,106.5999984741211,107.19999694824219,104.06999969482422,105.0199966430664,105.0199966430664,47991000
2022-07-27,109.26000213623047,113.91000366210938,108.01000213623047,113.05999755859375,113.05999755859375,59858500
2022-07-28,112.37000274658203,114.33999633789062,111.45999908447266,114.22000122070312,114.22000122070312,32816600
2022-07-29,113.08000183105469,116.70999908447266,113.05999755859375,116.31999969482422,116.31999969482422,37223400
2022-08-01,115.30000305175781,116.72000122070312,114.33999633789062,114.86000061035156,114.86000061035156,26034300
2022-08-02,114.0,116.3499984741211,113.72000122070312,115.12999725341797,115.12999725341797,20236000
2022-08-03,115.70999908447266,118.62000274658203,115.4800033569336,118.08000183105469,118.08000183105469,28499000
2022-08-04,117.4800033569336,118.77999877929688,116.88999938964844,118.19000244140625,118.19000244140625,21602900
2022-08-05,116.2300033569336,118.11000061035156,116.0,117.47000122070312,117.47000122070312,19159500
2022-08-08,118.38999938964844,120.1500015258789,116.87999725341797,117.30000305175781,117.30000305175781,19138300
2022-08-09,117.13999938964844,117.31999969482422,115.70999908447266,116.62999725341797,116.62999725341797,19086500
2022-08-10,118.77999877929688,120.91999816894531,118.41000366210938,119.69999694824219,119.69999694824219,30930400
2022-08-11,121.27999877929688,121.48999786376953,118.55999755859375,118.83999633789062,118.83999633789062,24293700
2022-08-12,120.26000213623047,121.68000030517578,119.45999908447266,121.68000030517578,121.68000030517578,19096300
2022-08-15,121.12999725341797,122.30000305175781,120.61000061035156,122.08000183105469,122.08000183105469,19494800
2022-08-16,121.5199966430664,122.43000030517578,120.63999938964844,121.69999694824219,121.69999694824219,19041200
2022-08-17,120.12000274658203,121.29000091552734,119.37999725341797,119.55000305175781,119.55000305175781,22847000
2022-08-18,119.43000030517578,120.81999969482422,118.72000122070312,120.16999816894531,120.16999816894531,17987700
2022-08-19,119.05999755859375,119.1500015258789,116.76000213623047,117.20999908447266,117.20999908447266,21809500
2022-08-22,115.19999694824219,115.62999725341797,113.8499984741211,114.23999786376953,114.23999786376953,21456600
2022-08-23,113.4800033569336,115.01000213623047,113.43000030517578,113.86000061035156,113.86000061035156,15870400
2022-08-24,113.5,114.77999877929688,112.87000274658203,113.69000244140625,113.69000244140625,17734600
2022-08-25,114.23999786376953,116.72000122070312,114.11000061035156,116.6500015258789,116.6500015258789,16956800
2022-08-26,114.72000122070312,115.12000274658203,110.19000244140625,110.33999633789062,110.33999633789062,37245700
2022-08-29,109.98999786376953,110.94999694824219,108.80000305175781,109.41999816894531,109.41999816894531,21191200
2022-08-30,110.16999816894531,110.5,107.80000305175781,108.94000244140625,108.94000244140625,27513300
2022-08-31,110.6500015258789,110.8499984741211,108.12999725341797,108.22000122070312,108.22000122070312,28627000
2022-09-01,108.27999877929688,110.44999694824219,107.36000061035156,109.73999786376953,109.73999786376953,28360900
2022-09-02,110.58999633789062,110.73999786376953,107.26000213623047,107.8499984741211,107.8499984741211,24160700
2022-09-06,107.30000305175781,108.02999877929688,105.77999877929688,106.80999755859375,106.80999755859375,25068300
2022-09-07,107.05999755859375,109.9800033569336,106.9000015258789,109.44999694824219,109.44999694824219,23167000
2022-09-08,108.04000091552734,109.5999984741211,107.16000366210938,108.37999725341797,108.37999725341797,24238300
2022-09-09,109.06999969482422,110.98999786376953,109.0199966430664,110.6500015258789,110.6500015258789,23197700
2022-09-12,110.98999786376953,111.62000274658203,109.93000030517578,110.86000061035156,110.86000061035156,22966800
2022-09-13,107.80000305175781,108.30000305175781,104.08999633789062,104.31999969482422,104.31999969482422,38172900
2022-09-14,104.56999969482422,105.27999877929688,103.66000366210938,105.0,105.0,26395100
2022-09-15,104.02999877929688,105.2699966430664,102.3499984741211,102.91000366210938,102.91000366210938,34188300
2022-09-16,102.06999969482422,103.12999725341797,100.94000244140625,102.80000305175781,102.80000305175781,42797200
2022-09-19,101.75,103.33000183105469,101.55000305175781,103.06999969482422,103.06999969482422,23036800
2022-09-20,102.08000183105469,102.37000274658203,100.5199966430664,101.13999938964844,101.13999938964844,26517100
2022-09-21,101.66999816894531,102.87999725341797,99.2699966430664,99.27999877929688,99.27999877929688,31487300
2022-09-22,98.81999969482422,101.23999786376953,98.79000091552734,100.13999938964844,100.13999938964844,34298600
2022-09-23,99.62999725341797,99.66000366210938,97.47000122070312,98.73999786376953,98.73999786376953,31625400
2022-09-26,98.0999984741211,99.87999725341797,97.80000305175781,98.16999816894531,98.16999816894531,27072700
2022-09-27,99.43000030517578,100.0,96.87000274658203,97.5,97.5,30072800
2022-09-28,97.6500015258789,100.69999694824219,97.11000061035156,100.05000305175781,100.05000305175781,32466300
2022-09-29,98.63999938964844,98.63999938964844,95.95999908447266,97.41999816894531,97.41999816894531,31047200
2022-09-30,97.05000305175781,98.9000015258789,95.55999755859375,95.6500015258789,95.6500015258789,32941500
2022-10-03,96.76000213623047,99.29000091552734,96.5199966430664,98.63999938964844,98.63999938964844,27982000
2022-10-04,100.44000244140625,101.83999633789062,100.37999725341797,101.63999938964844,101.63999938964844,28850800
2022-10-05,99.83000183105469,101.93000030517578,98.80000305175781,101.43000030517578,101.43000030517578,22176900
2022-10-06,100.68000030517578,102.93000030517578,100.58999633789062,101.41999816894531,101.41999816894531,22324000
2022-10-07,99.8499984741211,100.52999877929688,98.30000305175781,98.68000030517578,98.68000030517578,27502800
2022-10-10,99.0,99.0999984741211,97.01000213623047,97.86000061035156,97.86000061035156,18225100
2022-10-11,97.43000030517578,99.25,96.30999755859375,97.18000030517578,97.18000030517578,26507100
2022-10-12,97.30000305175781,98.75,96.73999786376953,97.55999755859375,97.55999755859375,21876400
2022-10-13,95.1500015258789,99.77999877929688,94.37999725341797,99.05999755859375,99.05999755859375,34574500
2022-10-14,99.98999786376953,100.69000244140625,96.37000274658203,96.55999755859375,96.55999755859375,25410700
2022-10-17,98.86000061035156,100.93000030517578,98.83000183105469,99.97000122070312,99.97000122070312,28419200
2022-10-18,103.12999725341797,103.47000122070312,99.97000122070312,100.7699966430664,100.7699966430664,24060700
2022-10-19,100.01000213623047,101.0199966430664,98.91999816894531,99.62999725341797,99.62999725341797,23811100
2022-10-20,100.0,102.31999969482422,99.38999938964844,99.97000122070312,99.97000122070312,25323200
2022-10-21,97.8499984741211,101.30999755859375,97.72000122070312,101.12999725341797,101.12999725341797,32458700
2022-10-24,101.80000305175781,102.75,99.9800033569336,102.5199966430664,102.5199966430664,27176400
2022-10-25,102.9000015258789,104.81999969482422,102.72000122070312,104.4800033569336,104.4800033569336,40611400
2022-10-26,96.43000030517578,98.30999755859375,94.69000244140625,94.93000030517578,94.93000030517578,88114100
2022-10-27,94.5199966430664,95.43000030517578,91.80000305175781,92.22000122070312,92.22000122070312,60710900
2022-10-28,92.2699966430664,96.55000305175781,92.12999725341797,96.29000091552734,96.29000091552734,43697300
2022-10-31,95.41999816894531,96.02999877929688,93.9800033569336,94.51000213623047,94.51000213623047,31675000
2022-11-01,95.44999694824219,96.02999877929688,90.37000274658203,90.47000122070312,90.47000122070312,47161400
2022-11-02,90.94000244140625,91.18000030517578,86.87999725341797,86.97000122070312,86.97000122070312,57038300
2022-11-03,86.31999969482422,86.5199966430664,83.33999633789062,83.43000030517578,83.43000030517578,61288000
2022-11-04,85.4000015258789,86.63999938964844,83.70999908447266,86.58000183105469,86.58000183105469,51124900
2022-11-07,87.27999877929688,88.9000015258789,86.8499984741211,88.48999786376953,88.48999786376953,34078900
2022-11-08,88.9000015258789,90.31999969482422,87.58999633789062,88.9000015258789,88.9000015258789,30429000
2022-11-09,88.44999694824219,89.44000244140625,87.27999877929688,87.31999969482422,87.31999969482422,31769100
2022-11-10,92.25,94.38999938964844,91.61000061035156,93.94000244140625,93.94000244140625,51620100
2022-11-11,94.69000244140625,96.93000030517578,93.91999816894531,96.41000366210938,96.41000366210938,33090500
2022-11-14,95.08999633789062,96.79000091552734,94.51000213623047,95.69999694824219,95.69999694824219,30179500
2022-11-15,98.26000213623047,100.13999938964844,96.70999908447266,98.44000244140625,98.44000244140625,41640800
2022-11-16,97.9000015258789,99.63999938964844,97.63999938964844,98.8499984741211,98.8499984741211,29105200
2022-11-17,96.97000122070312,99.27999877929688,96.79000091552734,98.36000061035156,98.36000061035156,26052600
2022-11-18,98.7699966430664,98.9000015258789,96.37000274658203,97.43000030517578,97.43000030517578,28342300
2022-11-21,97.29000091552734,98.4000015258789,95.36000061035156,95.5999984741211,95.5999984741211,21647400
2022-11-22,95.94999694824219,97.22000122070312,94.05000305175781,97.05000305175781,97.05000305175781,23438500
2022-11-23,97.08999633789062,98.76000213623047,97.08999633789062,98.45999908447266,98.45999908447266,18868100
2022-11-25,98.23999786376953,98.63999938964844,97.4000015258789,97.45999908447266,97.45999908447266,9701400
2022-11-28,97.04000091552734,97.58000183105469,95.61000061035156,96.05000305175781,96.05000305175781,26237500
2022-11-29,95.7300033569336,96.12000274658203,94.11000061035156,95.19000244140625,95.19000244140625,20061700
2022-11-30,94.81999969482422,101.04000091552734,94.41999816894531,100.98999786376953,100.98999786376953,43647500
2022-12-01,101.0199966430664,102.25,100.25,100.98999786376953,100.98999786376953,28687100
2022-12-02,99.05000305175781,100.7699966430664,98.9000015258789,100.44000244140625,100.44000244140625,21480700
2022-12-05,99.4000015258789,101.37999725341797,99.0,99.4800033569336,99.4800033569336,24405100
2022-12-06,99.30000305175781,99.77999877929688,96.41999816894531,96.9800033569336,96.9800033569336,24910700
2022-12-07,96.41000366210938,96.87999725341797,94.72000122070312,94.94000244140625,94.94000244140625,31045400
2022-12-08,95.37999725341797,95.58000183105469,93.44999694824219,93.70999908447266,93.70999908447266,32213300
2022-12-09,93.7699966430664,94.26000213623047,92.75,92.83000183105469,92.83000183105469,28225400
2022-12-12,92.70999908447266,93.55999755859375,91.61000061035156,93.30999755859375,93.30999755859375,29420000
2022-12-13,97.76000213623047,99.52999877929688,95.02999877929688,95.62999725341797,95.62999725341797,40593700
2022-12-14,95.19999694824219,96.87000274658203,93.5999984741211,95.06999969482422,95.06999969482422,28733600
2022-12-15,93.12999725341797,93.63999938964844,90.01000213623047,90.86000061035156,90.86000061035156,40107000
2022-12-16,90.76000213623047,91.33000183105469,89.5199966430664,90.26000213623047,90.26000213623047,58011800
2022-12-19,90.26000213623047,90.55999755859375,88.20999908447266,88.44000244140625,88.44000244140625,29493000
2022-12-20,88.11000061035156,89.18000030517578,87.44000244140625,89.0199966430664,89.0199966430664,23453800
2022-12-21,89.08000183105469,90.22000122070312,88.31999969482422,89.58000183105469,89.58000183105469,24745600
2022-12-22,88.16000366210938,88.54000091552734,86.31999969482422,87.76000213623047,87.76000213623047,27658300
2022-12-23,87.11000061035156,89.55000305175781,87.06999969482422,89.2300033569336,89.2300033569336,23003000
2022-12-27,88.80000305175781,88.94000244140625,87.01000213623047,87.38999938964844,87.38999938964844,20097300
2022-12-28,86.9800033569336,88.04000091552734,85.94000244140625,86.0199966430664,86.0199966430664,19523200
2022-12-29,86.62000274658203,88.8499984741211,86.61000061035156,88.44999694824219,88.44999694824219,23333500
2022-12-30,86.9800033569336,88.30000305175781,86.56999969482422,88.2300033569336,88.2300033569336,23986300
2023-01-03,89.58999633789062,91.05000305175781,88.5199966430664,89.12000274658203,89.12000274658203,28131200
2023-01-04,90.3499984741211,90.6500015258789,87.2699966430664,88.08000183105469,88.08000183105469,34854800
2023-01-05,87.47000122070312,87.56999969482422,85.9000015258789,86.19999694824219,86.19999694824219,27194400
2023-01-06,86.79000091552734,87.69000244140625,84.86000061035156,87.33999633789062,87.33999633789062,41381500
2023-01-09,88.36000061035156,90.05000305175781,87.86000061035156,88.0199966430664,88.0199966430664,29003900
2023-01-10,85.9800033569336,88.66999816894531,85.83000183105469,88.41999816894531,88.41999816894531,30467800
2023-01-11,89.18000030517578,91.5999984741211,89.01000213623047,91.5199966430664,91.5199966430664,26862000
2023-01-12,91.4800033569336,91.87000274658203,89.75,91.12999725341797,91.12999725341797,30258100
2023-01-13,90.8499984741211,92.19000244140625,90.12999725341797,92.12000274658203,92.12000274658203,26329200
2023-01-17,92.05999755859375,92.25,90.05000305175781,91.29000091552734,91.29000091552734,32602400
2023-01-18,92.13999938964844,92.80000305175781,90.63999938964844,91.12000274658203,91.12000274658203,29116700
2023-01-19,90.72000122070312,93.61000061035156,90.62999725341797,93.05000305175781,93.05000305175781,37000400
2023-01-20,95.0999984741211,98.30000305175781,95.0199966430664,98.0199966430664,98.0199966430664,63191100
2023-01-23,97.94999694824219,100.04000091552734,97.5,99.79000091552734,99.79000091552734,40005100
2023-01-24,98.0999984741211,99.61000061035156,97.19999694824219,97.69999694824219,97.69999694824219,33078500
2023-01-25,95.56999969482422,96.16000366210938,93.76000213623047,95.22000122070312,95.22000122070312,42330000
2023-01-26,96.5,97.56999969482422,95.37999725341797,97.5199966430664,97.5199966430664,30114000
2023-01-27,97.30999755859375,100.31999969482422,97.30999755859375,99.37000274658203,99.37000274658203,33879800
2023-01-30,97.4800033569336,98.29000091552734,96.4000015258789,96.94000244140625,96.94000244140625,27226200
2023-01-31,96.87000274658203,98.87999725341797,96.81999969482422,98.83999633789062,98.83999633789062,29870700
2023-02-01,98.70999908447266,101.19000244140625,97.58000183105469,100.43000030517578,100.43000030517578,35531100
2023-02-02,105.80000305175781,107.8499984741211,105.61000061035156,107.73999786376953,107.73999786376953,69883800
2023-02-03,102.93000030517578,107.80999755859375,102.58000183105469,104.77999877929688,104.77999877929688,65309300
2023-02-06,102.4000015258789,104.36000061035156,101.87999725341797,102.9000015258789,102.9000015258789,31999600
2023-02-07,103.22000122070312,108.18000030517578,103.12000274658203,107.63999938964844,107.63999938964844,49010200
2023-02-08,102.05000305175781,103.13999938964844,98.04000091552734,99.37000274658203,99.37000274658203,94743500
2023-02-09,100.0,100.02999877929688,93.62999725341797,95.01000213623047,95.01000213623047,119455000
2023-02-10,95.44999694824219,96.75,94.25,94.56999969482422,94.56999969482422,54980700
2023-02-13,94.73999786376953,95.19999694824219,93.83999633789062,94.61000061035156,94.61000061035156,50076100
2023-02-14,94.43000030517578,94.8499984741211,92.26000213623047,94.68000030517578,94.68000030517578,54726100
2023-02-15,94.48999786376953,97.12000274658203,94.1500015258789,96.94000244140625,96.94000244140625,50169000
2023-02-16,95.37000274658203,97.68000030517578,94.73999786376953,95.51000213623047,95.51000213623047,42462600
2023-02-17,94.8499984741211,95.55999755859375,93.20999908447266,94.3499984741211,94.3499984741211,34284100
2023-02-21,93.0,93.0999984741211,91.72000122070312,91.79000091552734,91.79000091552734,33629300
2023-02-22,91.69999694824219,92.11000061035156,90.61000061035156,91.6500015258789,91.6500015258789,30884000
2023-02-23,91.91999816894531,91.94000244140625,89.76000213623047,90.88999938964844,90.88999938964844,41206400
2023-02-24,89.44000244140625,89.88999938964844,88.58000183105469,89.12999725341797,89.12999725341797,36585100
2023-02-27,89.87000274658203,90.16000366210938,89.33999633789062,89.87000274658203,89.87000274658203,27502300
2023-02-28,89.33000183105469,91.2300033569336,89.31999969482422,90.05999755859375,90.05999755859375,30142000
2023-03-01,89.9800033569336,91.02999877929688,89.66999816894531,90.36000061035156,90.36000061035156,31111200
2023-03-02,89.66000366210938,92.27999877929688,89.58999633789062,92.0,92.0,32204400
2023-03-03,92.4800033569336,93.7300033569336,92.44999694824219,93.6500015258789,93.6500015258789,35160100
2023-03-06,94.0199966430664,95.97000122070312,94.0,95.12999725341797,95.12999725341797,32639300
2023-03-07,94.9800033569336,95.66999816894531,93.52999877929688,93.86000061035156,93.86000061035156,27835500
2023-03-08,94.12000274658203,95.95999908447266,94.0,94.25,94.25,34103300
2023-03-09,94.05000305175781,95.52999877929688,91.9000015258789,92.31999969482422,92.31999969482422,28813500
2023-03-10,92.16999816894531,92.79000091552734,90.4000015258789,90.62999725341797,90.62999725341797,35941000
2023-03-13,90.08999633789062,92.56999969482422,89.41999816894531,91.11000061035156,91.11000061035156,37335600
2023-03-14,92.55999755859375,94.36000061035156,92.44000244140625,93.97000122070312,93.97000122070312,36050200
2023-03-15,93.22000122070312,96.93000030517578,92.63999938964844,96.11000061035156,96.11000061035156,50622100
2023-03-16,96.19999694824219,101.19000244140625,95.5,100.31999969482422,100.31999969482422,65492000
2023-03-17,100.26000213623047,102.83999633789062,100.0999984741211,101.62000274658203,101.62000274658203,61028500
2023-03-20,100.12000274658203,101.75,99.87000274658203,101.22000122070312,101.22000122070312,32960400
2023-03-21,101.25,105.0999984741211,101.22000122070312,104.91999816894531,104.91999816894531,42110300
2023-03-22,104.2699966430664,106.58999633789062,103.33000183105469,103.37000274658203,103.37000274658203,43427400
2023-03-23,105.05999755859375,106.30000305175781,104.45999908447266,105.5999984741211,105.5999984741211,40797800
2023-03-24,104.98999786376953,105.48999786376953,103.83999633789062,105.44000244140625,105.44000244140625,30393300
2023-03-27,104.62000274658203,104.76000213623047,101.93000030517578,102.45999908447266,102.45999908447266,31120900
2023-03-28,102.44000244140625,102.44999694824219,99.73999786376953,101.02999877929688,101.02999877929688,32057900
2023-03-29,102.27999877929688,102.48999786376953,100.6500015258789,101.38999938964844,101.38999938964844,28779600
2023-03-30,100.91000366210938,101.16000366210938,99.77999877929688,100.88999938964844,100.88999938964844,33086200
2023-03-31,101.30000305175781,103.88999938964844,101.04000091552734,103.7300033569336,103.7300033569336,36863400
2023-04-03,102.38999938964844,104.52999877929688,101.93000030517578,104.36000061035156,104.36000061035156,25035400
2023-04-04,104.33000183105469,105.58000183105469,104.04000091552734,104.72000122070312,104.72000122070312,24420100
2023-04-05,105.77999877929688,106.0999984741211,103.66000366210938,104.47000122070312,104.47000122070312,28290500
2023-04-06,105.26000213623047,109.16999816894531,104.33000183105469,108.41999816894531,108.41999816894531,48711500
2023-04-10,106.9800033569336,107.58999633789062,105.12000274658203,106.44000244140625,106.44000244140625,27067400
2023-04-11,106.55000305175781,106.7300033569336,104.68000030517578,105.3499984741211,105.3499984741211,26311800
2023-04-12,106.58000183105469,106.75,104.33999633789062,104.63999938964844,104.63999938964844,24370300
2023-04-13,105.83999633789062,107.48999786376953,105.83999633789062,107.43000030517578,107.43000030517578,24843600
2023-04-14,106.88999938964844,108.94000244140625,106.83999633789062,108.87000274658203,108.87000274658203,26578000
2023-04-17,104.66000366210938,106.16000366210938,104.5199966430664,105.97000122070312,105.97000122070312,37571200
2023-04-18,106.48999786376953,106.54000091552734,104.06999969482422,104.5,104.5,26596400
2023-04-19,103.58000183105469,104.9800033569336,103.06999969482422,104.18000030517578,104.18000030517578,20905700
2023-04-20,103.91000366210938,106.25,103.87000274658203,105.29000091552734,105.29000091552734,27820800
2023-04-21,105.47000122070312,106.0,104.77999877929688,105.41000366210938,105.41000366210938,25800100
2023-04-24,105.48999786376953,106.62999725341797,104.69999694824219,105.97000122070312,105.97000122070312,23542800
2023-04-25,105.83000183105469,106.69000244140625,103.83999633789062,103.8499984741211,103.8499984741211,46664100
2023-04-26,104.91999816894531,106.3499984741211,102.62999725341797,103.70999908447266,103.70999908447266,53347600
2023-04-27,104.44999694824219,108.37000274658203,103.54000091552734,107.58999633789062,107.58999633789062,50089200
2023-04-28,107.04000091552734,107.3499984741211,105.08999633789062,107.33999633789062,107.33999633789062,36139800
2023-05-01,106.83999633789062,107.98999786376953,106.81999969482422,107.19999694824219,107.19999694824219,26681700
2023-05-02,107.13999938964844,107.19999694824219,103.70999908447266,105.31999969482422,105.31999969482422,30997200
2023-05-03,105.52999877929688,107.48999786376953,104.95999908447266,105.41000366210938,105.41000366210938,21795400
2023-05-04,105.48999786376953,105.5999984741211,103.97000122070312,104.69000244140625,104.69000244140625,23419500
2023-05-05,104.81999969482422,105.87999725341797,104.11000061035156,105.56999969482422,105.56999969482422,26625100
2023-05-08,105.18000030517578,107.95999908447266,105.16000366210938,107.7699966430664,107.7699966430664,26511400
2023-05-09,108.38999938964844,110.1500015258789,107.19000244140625,107.3499984741211,107.3499984741211,36360100
2023-05-10,107.97000122070312,112.94000244140625,107.93000030517578,111.75,111.75,63153400
2023-05-11,115.4000015258789,117.91999816894531,114.41000366210938,116.56999969482422,116.56999969482422,78900000
2023-05-12,116.68000030517578,118.02999877929688,116.11000061035156,117.51000213623047,117.51000213623047,41073800
2023-05-15,116.11000061035156,118.4800033569336,116.01000213623047,116.51000213623047,116.51000213623047,36266800
2023-05-16,116.48999786376953,120.75,116.43000030517578,119.51000213623047,119.51000213623047,45035600
2023-05-17,119.61000061035156,121.66999816894531,118.88999938964844,120.83999633789062,120.83999633789062,33323600
2023-05-18,120.94999694824219,123.30999755859375,120.83000183105469,122.83000183105469,122.83000183105469,35234200
2023-05-19,123.55000305175781,125.97000122070312,122.1500015258789,122.76000213623047,122.76000213623047,41330300
2023-05-22,122.94000244140625,126.43000030517578,122.73999786376953,125.05000305175781,125.05000305175781,35253000
2023-05-23,124.16000366210938,124.62999725341797,122.20999908447266,122.55999755859375,122.55999755859375,34046300
2023-05-24,121.12000274658203,121.91000366210938,119.86000061035156,120.9000015258789,120.9000015258789,34182600
2023-05-25,124.5199966430664,125.31999969482422,121.95999908447266,123.4800033569336,123.4800033569336,42317000
2023-05-26,123.16999816894531,125.26000213623047,122.44999694824219,124.61000061035156,124.61000061035156,35635900
2023-05-30,125.63999938964844,125.66000366210938,122.0,123.66999816894531,123.66999816894531,35076700
2023-05-31,122.75,124.05999755859375,122.5,122.87000274658203,122.87000274658203,37325800
2023-06-01,122.81999969482422,124.41999816894531,122.62000274658203,123.72000122070312,123.72000122070312,30772700
2023-06-02,123.98999786376953,126.1500015258789,123.76000213623047,124.66999816894531,124.66999816894531,26963100
2023-06-05,124.01000213623047,127.43000030517578,123.83999633789062,126.01000213623047,126.01000213623047,32305500
2023-06-06,126.01000213623047,128.2899932861328,125.36000061035156,127.30999755859375,127.30999755859375,26638300
2023-06-07,126.97000122070312,129.0399932861328,122.12000274658203,122.5,122.5,52539000
2023-06-08,122.2300033569336,123.2300033569336,121.23999786376953,122.13999938964844,122.13999938964844,29389200
2023-06-09,122.25,123.76000213623047,121.91000366210938,122.2300033569336,122.2300033569336,23762500
2023-06-12,122.79000091552734,124.05000305175781,121.66000366210938,123.63999938964844,123.63999938964844,28306400
2023-06-13,124.9800033569336,125.16000366210938,123.18000030517578,123.83000183105469,123.83000183105469,22278300
2023-06-14,123.0999984741211,124.05000305175781,121.44999694824219,123.66999816894531,123.66999816894531,30592300
2023-06-15,123.13999938964844,125.45999908447266,122.4000015258789,125.08999633789062,125.08999633789062,35246300
2023-06-16,125.93000030517578,126.11000061035156,123.27999877929688,123.52999877929688,123.52999877929688,45514000
2023-06-20,122.93000030517578,124.56999969482422,122.13999938964844,123.0999984741211,123.0999984741211,26097500
2023-06-21,122.4000015258789,122.66000366210938,120.0999984741211,120.55000305175781,120.55000305175781,30306300
2023-06-22,120.0,123.23999786376953,118.83000183105469,123.1500015258789,123.1500015258789,26952200
2023-06-23,121.37999725341797,122.79000091552734,121.05999755859375,122.33999633789062,122.33999633789062,34885300
2023-06-26,120.76000213623047,122.0,118.2699966430664,118.33999633789062,118.33999633789062,33969900
2023-06-27,117.08000183105469,119.08000183105469,116.0999984741211,118.33000183105469,118.33000183105469,39535900
2023-06-28,117.08999633789062,120.38999938964844,116.8499984741211,120.18000030517578,120.18000030517578,27091400
2023-06-29,119.23999786376953,120.05999755859375,118.30000305175781,119.0999984741211,119.0999984741211,24090900
2023-06-30,120.16999816894531,121.08000183105469,119.69000244140625,119.69999694824219,119.69999694824219,29519700
